{"SURVIVAL":{"armorContents":{},"inventoryContents":{"0":{"==":"org.bukkit.inventory.ItemStack","type":"SIGN"},"3":{"==":"org.bukkit.inventory.ItemStack","type":"PAPER","meta":{"==":"ItemMeta","meta-type":"UNSPECIFIC","display-name":"Partidas","enchants":{"LUCK":1}}},"5":{"==":"org.bukkit.inventory.ItemStack","type":"EYE_OF_ENDER","meta":{"==":"ItemMeta","meta-type":"UNSPECIFIC","display-name":"§a§lTienda"}},"9":{"==":"org.bukkit.inventory.ItemStack","type":"SIGN"}},"enderChestContents":{},"potions":"[]","stats":{"ex":"0.7934871","ma":"300","fl":"20","el":"0","xp":"0.0","hp":"20.0","txp":"0","sa":"0.0","ft":"-20","fd":"0.0","ra":"300"}}}